{"cameraMode":{"drawMode":0,"name":"Shaded","section":"Shading Mode"},"sceneLighting":false,"audioPlay":false,"sceneViewState":{"m_AlwaysRefresh":false,"showFog":true,"showSkybox":false,"showFlares":true,"showImageEffects":true,"showParticleSystems":true,"showVisualEffectGraphs":true,"m_FxEnabled":true},"in2DMode":false,"pivot":{"x":0.7626160383224487,"y":-0.03899696469306946,"z":0.5591789484024048},"rotation":{"x":0.08158738911151886,"y":-0.7619804739952087,"z":0.0987369492650032,"w":0.6352592706680298},"size":0.9418951272964478,"orthographic":false}