{"cameraMode":{"drawMode":0,"name":"Shaded","section":"Shading Mode"},"sceneLighting":false,"audioPlay":false,"sceneViewState":{"m_AlwaysRefresh":false,"showFog":true,"showSkybox":true,"showFlares":true,"showImageEffects":true,"showParticleSystems":true,"showVisualEffectGraphs":true,"m_FxEnabled":true},"in2DMode":false,"pivot":{"x":497.52435302734377,"y":1030.34521484375,"z":-1348.0955810546875},"rotation":{"x":0.08152218163013458,"y":-0.003645811229944229,"z":-0.0005833189934492111,"w":-0.9968120455741882},"size":11.340721130371094,"orthographic":false}