{"cameraMode":{"drawMode":0,"name":"Shaded","section":"Shading Mode"},"sceneLighting":false,"audioPlay":false,"sceneViewState":{"m_AlwaysRefresh":false,"showFog":true,"showSkybox":true,"showFlares":true,"showImageEffects":true,"showParticleSystems":true,"showVisualEffectGraphs":true,"m_FxEnabled":true},"in2DMode":false,"pivot":{"x":-12.934354782104493,"y":-8.307591438293457,"z":-21.894798278808595},"rotation":{"x":0.054354794323444369,"y":-0.9347547888755798,"z":0.16376015543937684,"w":0.31088531017303469},"size":17.06951332092285,"orthographic":false}