{"cameraMode":{"drawMode":0,"name":"Shaded","section":"Shading Mode"},"sceneLighting":false,"audioPlay":false,"sceneViewState":{"m_AlwaysRefresh":false,"showFog":true,"showSkybox":true,"showFlares":true,"showImageEffects":true,"showParticleSystems":true,"showVisualEffectGraphs":true,"m_FxEnabled":true},"in2DMode":false,"pivot":{"x":-11.947783470153809,"y":-33.540199279785159,"z":89.45174407958985},"rotation":{"x":0.18258824944496156,"y":-0.05472709983587265,"z":0.010388198308646679,"w":0.9817264676094055},"size":51.94422912597656,"orthographic":false}