{"cameraMode":{"drawMode":0,"name":"Shaded","section":"Shading Mode"},"sceneLighting":false,"audioPlay":false,"sceneViewState":{"m_AlwaysRefresh":false,"showFog":true,"showSkybox":true,"showFlares":true,"showImageEffects":true,"showParticleSystems":true,"showVisualEffectGraphs":true,"m_FxEnabled":true},"in2DMode":false,"pivot":{"x":6.835987567901611,"y":1.351557970046997,"z":23.14890480041504},"rotation":{"x":-0.2357059270143509,"y":0.010870803147554398,"z":-0.0032473148312419655,"w":-0.9720511436462402},"size":20.78179931640625,"orthographic":false}