{"cameraMode":{"drawMode":0,"name":"Shaded","section":"Shading Mode"},"sceneLighting":false,"audioPlay":false,"sceneViewState":{"m_AlwaysRefresh":false,"showFog":true,"showSkybox":true,"showFlares":true,"showImageEffects":true,"showParticleSystems":true,"showVisualEffectGraphs":true,"m_FxEnabled":true},"in2DMode":false,"pivot":{"x":0.7674147486686707,"y":-16.840232849121095,"z":21.45356559753418},"rotation":{"x":0.48068875074386599,"y":-0.07452734559774399,"z":0.04153982177376747,"w":0.8729062676429749},"size":12.108207702636719,"orthographic":false}