{"cameraMode":{"drawMode":0,"name":"Shaded","section":"Shading Mode"},"sceneLighting":false,"audioPlay":false,"sceneViewState":{"m_AlwaysRefresh":false,"showFog":true,"showSkybox":true,"showFlares":true,"showImageEffects":true,"showParticleSystems":true,"showVisualEffectGraphs":true,"m_FxEnabled":true},"in2DMode":false,"pivot":{"x":-0.08642730116844177,"y":3.647752523422241,"z":16.082988739013673},"rotation":{"x":-0.08629769831895828,"y":0.008268844336271286,"z":-0.0009411383070982993,"w":-0.9963748455047607},"size":11.667166709899903,"orthographic":false}