{"cameraMode":{"drawMode":0,"name":"Shaded","section":"Shading Mode"},"sceneLighting":false,"audioPlay":false,"sceneViewState":{"m_AlwaysRefresh":false,"showFog":true,"showSkybox":true,"showFlares":true,"showImageEffects":true,"showParticleSystems":true,"showVisualEffectGraphs":true,"m_FxEnabled":true},"in2DMode":false,"pivot":{"x":0.29592975974082949,"y":-0.019653191789984704,"z":59.06318283081055},"rotation":{"x":-0.07434377819299698,"y":-0.021656429395079614,"z":0.0011373466113582254,"w":-0.9972848296165466},"size":20.78179931640625,"orthographic":false}