{"cameraMode":{"drawMode":0,"name":"Shaded","section":"Shading Mode"},"sceneLighting":false,"audioPlay":false,"sceneViewState":{"m_AlwaysRefresh":false,"showFog":true,"showSkybox":true,"showFlares":true,"showImageEffects":true,"showParticleSystems":true,"showVisualEffectGraphs":true,"m_FxEnabled":true},"in2DMode":false,"pivot":{"x":0.044716838747262958,"y":-3.231703758239746,"z":19.745149612426759},"rotation":{"x":0.2442963421344757,"y":-0.20879045128822328,"z":0.05432610586285591,"w":0.945609450340271},"size":11.698067665100098,"orthographic":false}