{"cameraMode":{"drawMode":0,"name":"Shaded","section":"Shading Mode"},"sceneLighting":false,"audioPlay":false,"sceneViewState":{"m_AlwaysRefresh":false,"showFog":true,"showSkybox":true,"showFlares":true,"showImageEffects":true,"showParticleSystems":true,"showVisualEffectGraphs":true,"m_FxEnabled":true},"in2DMode":false,"pivot":{"x":-0.001721356064081192,"y":0.25702953338623049,"z":1.2258589267730713},"rotation":{"x":-0.2621273696422577,"y":0.08952648192644119,"z":-0.024556506425142289,"w":-0.9606316089630127},"size":3.6148972511291506,"orthographic":true}