{"cameraMode":{"drawMode":0,"name":"Shaded","section":"Shading Mode"},"sceneLighting":false,"audioPlay":false,"sceneViewState":{"m_AlwaysRefresh":false,"showFog":true,"showSkybox":true,"showFlares":true,"showImageEffects":true,"showParticleSystems":true,"showVisualEffectGraphs":true,"m_FxEnabled":true},"in2DMode":false,"pivot":{"x":11.15656566619873,"y":7.242224216461182,"z":3.911247730255127},"rotation":{"x":0.3437795341014862,"y":-0.07203298062086106,"z":0.026331312954425813,"w":0.9362395405769348},"size":1.7514240741729737,"orthographic":false}