{"cameraMode":{"drawMode":0,"name":"Shaded","section":"Shading Mode"},"sceneLighting":false,"audioPlay":false,"sceneViewState":{"m_AlwaysRefresh":false,"showFog":true,"showSkybox":true,"showFlares":true,"showImageEffects":true,"showParticleSystems":true,"showVisualEffectGraphs":true,"m_FxEnabled":true},"in2DMode":false,"pivot":{"x":-0.3329351246356964,"y":-3.5264580249786379,"z":14.694314956665039},"rotation":{"x":-0.24005459249019624,"y":0.008021259680390358,"z":-0.0022180015221238138,"w":-0.9708683490753174},"size":5.531829833984375,"orthographic":false}